{
    "convidados": [
        {
            "id": 1,
            "nome": "Dayane Assis",
            "confirmado": false,
            "acompanhantes": []
        },
        {
            "id": 2,
            "nome": "Thiago Lima",
            "confirmado": false,
            "acompanhantes": []
        },
        {
            "id": 3,
            "nome": "Janice Assis",
            "confirmado": false,
            "acompanhantes": []
        },
        {
            "id": 4,
            "nome": "Patrick Assis",
            "confirmado": false,
            "acompanhantes": []
        },
        {
            "id": 5,
            "nome": "Arnaldo Assis",
            "confirmado": false,
            "acompanhantes": []
        },
        {
            "id": 6,
            "nome": "Marlene Moreira",
            "confirmado": false,
            "acompanhantes": []
        },
        {
            "id": 7,
            "nome": "Ecleise Moreira",
            "confirmado": false,
            "acompanhantes": []
        },
        {
            "id": 8,
            "nome": "Áurea Nóbrega",
            "confirmado": false,
            "acompanhantes": []
        },
        {
            "id": 9,
            "nome": "Thiago Henrique da Costa",
            "confirmado": false,
            "acompanhantes": []
        },
        {
            "id": 10,
            "nome": "Robson Simo",
            "confirmado": false,
            "acompanhantes": []
        },
        {
            "id": 11,
            "nome": "Thaís Longo",
            "confirmado": false,
            "acompanhantes": []
        },
        {
            "id": 12,
            "nome": "Thiago Mesquita",
            "confirmado": false,
            "acompanhantes": []
        },
        {
            "id": 13,
            "nome": "Caio Melo",
            "confirmado": false,
            "acompanhantes": []
        },
        {
            "id": 14,
            "nome": "Naiara Melo",
            "confirmado": false,
            "acompanhantes": []
        },
        {
            "id": 15,
            "nome": "Anderson Soares",
            "confirmado": false,
            "acompanhantes": []
        },
        {
            "id": 16,
            "nome": "Michelle Soares",
            "confirmado": false,
            "acompanhantes": []
        },
        {
            "id": 17,
            "nome": "Cassio Rezende",
            "confirmado": false,
            "acompanhantes": []
        },
        {
            "id": 18,
            "nome": "José André Carvalho",
            "confirmado": false,
            "acompanhantes": []
        },
        {
            "id": 19,
            "nome": "Elza Carvalho",
            "confirmado": false,
            "acompanhantes": []
        },
        {
            "id": 20,
            "nome": "Lívia Carvalho",
            "confirmado": false,
            "acompanhantes": []
        },
        {
            "id": 21,
            "nome": "Renata Seródio",
            "confirmado": false,
            "acompanhantes": []
        },
        {
            "id": 22,
            "nome": "Ronaldo Maia",
            "confirmado": false,
            "acompanhantes": []
        },
        {
            "id": 23,
            "nome": "Darlin Martins",
            "confirmado": false,
            "acompanhantes": []
        },
        {
            "id": 24,
            "nome": "Carlos Eduardo Martins",
            "confirmado": false,
            "acompanhantes": []
        },
        {
            "id": 25,
            "nome": "Cláudia Moreira",
            "confirmado": false,
            "acompanhantes": []
        },
        {
            "id": 26,
            "nome": "Ronaldo Prado",
            "confirmado": false,
            "acompanhantes": []
        },
        {
            "id": 27,
            "nome": "Isabela Moreira",
            "confirmado": false,
            "acompanhantes": []
        },
        {
            "id": 28,
            "nome": "Gabriela Moreira",
            "confirmado": false,
            "acompanhantes": []
        },
        {
            "id": 29,
            "nome": "Regiane Silva",
            "confirmado": false,
            "acompanhantes": []
        },
        {
            "id": 30,
            "nome": "Alan Silva",
            "confirmado": false,
            "acompanhantes": []
        },
        {
            "id": 31,
            "nome": "Andréa Moreira",
            "confirmado": false,
            "acompanhantes": []
        },
        {
            "id": 32,
            "nome": "Lívia Moreira",
            "confirmado": false,
            "acompanhantes": []
        },
        {
            "id": 33,
            "nome": "Vinícius Santos",
            "confirmado": false,
            "acompanhantes": []
        },
        {
            "id": 34,
            "nome": "Cristina Serpo",
            "confirmado": false,
            "acompanhantes": []
        },
        {
            "id": 35,
            "nome": "Maurício Serpo",
            "confirmado": false,
            "acompanhantes": []
        },
        {
            "id": 36,
            "nome": "Alexsandre Sampaio",
            "confirmado": false,
            "acompanhantes": []
        },
        {
            "id": 37,
            "nome": "Fábia Leobak",
            "confirmado": false,
            "acompanhantes": []
        },
        {
            "id": 38,
            "nome": "Juliana Moreira",
            "confirmado": false,
            "acompanhantes": []
        },
        {
            "id": 39,
            "nome": "Karina Peixoto",
            "confirmado": false,
            "acompanhantes": []
        },
        {
            "id": 40,
            "nome": "Leonardo Costa",
            "confirmado": false,
            "acompanhantes": []
        },
        {
            "id": 41,
            "nome": "Luciana Barros",
            "confirmado": false,
            "acompanhantes": []
        },
        {
            "id": 42,
            "nome": "Denis Freire",
            "confirmado": false,
            "acompanhantes": []
        },
        {
            "id": 43,
            "nome": "Gabriela Francisco",
            "confirmado": false,
            "acompanhantes": []
        },
        {
            "id": 44,
            "nome": "Tatiane Gomes",
            "confirmado": false,
            "acompanhantes": []
        },
        {
            "id": 45,
            "nome": "Evandro Luiz Borges",
            "confirmado": false,
            "acompanhantes": []
        },
        {
            "id": 46,
            "nome": "Lucas Gomes",
            "confirmado": false,
            "acompanhantes": []
        },
        {
            "id": 47,
            "nome": "Patrícia Queres",
            "confirmado": false,
            "acompanhantes": []
        },
        {
            "id": 48,
            "nome": "Júlia Queres",
            "confirmado": false,
            "acompanhantes": []
        },
        {
            "id": 49,
            "nome": "Guilherme Marido Gabi",
            "confirmado": false,
            "acompanhantes": []
        },
        {
            "id": 50,
            "nome": "Hermínia Assis",
            "confirmado": false,
            "acompanhantes": []
        },
        {
            "id": 51,
            "nome": "Efigênia Oliveira",
            "confirmado": false,
            "acompanhantes": []
        },
        {
            "id": 52,
            "nome": "Eduarda Fernandes",
            "confirmado": false,
            "acompanhantes": []
        },
        {
            "id": 53,
            "nome": "Cléber Melo",
            "confirmado": false,
            "acompanhantes": []
        },
        {
            "id": 54,
            "nome": "Lilina Cardim",
            "confirmado": false,
            "acompanhantes": []
        },
        {
            "id": 55,
            "nome": "Jaime Cardim",
            "confirmado": false,
            "acompanhantes": []
        },
        {
            "id": 56,
            "nome": "Thiago Cardim",
            "confirmado": false,
            "acompanhantes": []
        },
        {
            "id": 57,
            "nome": "Diego Cardim",
            "confirmado": false,
            "acompanhantes": []
        },
        {
            "id": 58,
            "nome": "Carolina Cardim",
            "confirmado": false,
            "acompanhantes": []
        },
        {
            "id": 59,
            "nome": "Gustavo dos Anjos",
            "confirmado": false,
            "acompanhantes": []
        },
        {
            "id": 60,
            "nome": "Ana Flávia Anjos",
            "confirmado": false,
            "acompanhantes": []
        },
        {
            "id": 61,
            "nome": "Marco Santos Lopes",
            "confirmado": false,
            "acompanhantes": []
        },
        {
            "id": 62,
            "nome": "Diony Bezerra",
            "confirmado": false,
            "acompanhantes": []
        },
        {
            "id": 63,
            "nome": "Marialda Santos Lopes",
            "confirmado": false,
            "acompanhantes": []
        },
        {
            "id": 64,
            "nome": "Anne Caroline Dias",
            "confirmado": false,
            "acompanhantes": []
        },
        {
            "id": 65,
            "nome": "Carolyn Dias",
            "confirmado": false,
            "acompanhantes": []
        },
        {
            "id": 66,
            "nome": "Márcio",
            "confirmado": false,
            "acompanhantes": []
        },
        {
            "id": 67,
            "nome": "Raquel Pavan",
            "confirmado": false,
            "acompanhantes": []
        },
        {
            "id": 68,
            "nome": "Victor Di Francia",
            "confirmado": false,
            "acompanhantes": []
        },
        {
            "id": 69,
            "nome": "Henrique Ilídio",
            "confirmado": false,
            "acompanhantes": []
        },
        {
            "id": 70,
            "nome": "Thaís Melo",
            "confirmado": false,
            "acompanhantes": []
        },
        {
            "id": 71,
            "nome": "Rafael França",
            "confirmado": false,
            "acompanhantes": []
        },
        {
            "id": 72,
            "nome": "Paula França",
            "confirmado": false,
            "acompanhantes": []
        },
        {
            "id": 73,
            "nome": "Ingrid Horbach",
            "confirmado": false,
            "acompanhantes": []
        },
        {
            "id": 74,
            "nome": "Telma",
            "confirmado": false,
            "acompanhantes": []
        },
        {
            "id": 75,
            "nome": "Magali de Lima",
            "confirmado": false,
            "acompanhantes": []
        },
        {
            "id": 76,
            "nome": "Elza de Lima",
            "confirmado": false,
            "acompanhantes": []
        },
        {
            "id": 77,
            "nome": "Marcus Paulo de Lima",
            "confirmado": false,
            "acompanhantes": []
        },
        {
            "id": 78,
            "nome": "Cinthia Bourget",
            "confirmado": false,
            "acompanhantes": []
        },
        {
            "id": 79,
            "nome": "Luiza Helena de Lima",
            "confirmado": false,
            "acompanhantes": []
        },
        {
            "id": 80,
            "nome": "Sérgio de Moraes",
            "confirmado": false,
            "acompanhantes": []
        },
        {
            "id": 81,
            "nome": "Marcus Britto",
            "confirmado": false,
            "acompanhantes": []
        },
        {
            "id": 82,
            "nome": "Bruna Venites",
            "confirmado": false,
            "acompanhantes": []
        }
    ]
}